mode,qps_span,avg_latency_ms,p99_latency_ms,recall10,low07,low05,avg_pages,avg_postings,b16_pct,b24_pct,b32_pct,b40_pct,b48_pct,b56_pct,b64p_pct,delta_recall_vs_a3,delta_qps_vs_a3_pct,pages_reduction_vs_a3_pct
A3_ref,7487.915741371502,1.0678602000000001,1.5440200000000004,0.9758100000000001,24,2,92.3696,48.6558,0.0,0.0,15.07,15.379999999999999,24.67,35.5,6.1,0.0,0.0,0.0
A4_cons_v1,7330.188062520602,1.0908199,1.538,0.9762299999999999,24,2,93.8707,49.3841,0.32,3.63,9.19,13.65,23.23,37.74,7.84,0.0004199999999998649,-2.1064296701342164,-1.6251017650828776
A4_cons_v2,7364.780651633597,1.0854402,1.5160200000000004,0.97605,24,2,93.3972,49.1079,0.6,4.29,9.01,14.430000000000001,23.200000000000003,34.57,9.0,0.00023999999999990695,-1.6444507923289151,-1.1124872252342681
A4_cons_v3,7473.928035391512,1.0698808,1.5930300000000006,0.9758900000000001,24,2,91.8226,48.2218,1.17,5.18,8.61,15.290000000000001,24.54,34.27,7.01,8.000000000008001e-05,-0.1868037310129785,0.5921861738061128
