tag,t32,t40,t48,t56,qps,recall10,avg_pages,avg_postings,low07,low05,delta_qps_vs_a3_pct,delta_recall_vs_a3,delta_qps_vs_b64_pct,delta_recall_vs_b64
c01_t32_0p95_t40_0p93_t48_0p89_t56_0p83,0.95,0.93,0.89,0.83,6720.43,0.946783,102.875,51.2856,172,15,-1.2096631935461104,0.00031000000000003247,21.841391513709905,-0.0023609999999999465
c02_t32_0p95_t40_0p94_t48_0p90_t56_0p84,0.95,0.94,0.9,0.84,6711.41,0.946954,102.9549,51.2895,171,14,-1.3422572147611602,0.0004809999999999537,21.67785891959707,-0.0021900000000000253
c04_t32_0p96_t40_0p94_t48_0p90_t56_0p84,0.96,0.94,0.9,0.84,6702.41,0.946954,103.1674,51.4191,171,14,-1.4745572359291637,0.0004809999999999537,21.51468892547119,-0.0021900000000000253
c03_t32_0p95_t40_0p95_t48_0p91_t56_0p85,0.95,0.95,0.91,0.85,6653.36,0.947133,103.81,51.7263,171,14,-2.195592351294785,0.0006599999999999939,20.62541245748514,-0.002010999999999985
c05_t32_0p96_t40_0p95_t48_0p91_t56_0p85,0.96,0.95,0.91,0.85,6640.11,0.947133,104.0254,51.8575,171,14,-2.39036738245879,0.0006599999999999939,20.38518996613315,-0.002010999999999985
c06_t32_0p97_t40_0p95_t48_0p92_t56_0p86,0.97,0.95,0.92,0.86,6583.28,0.947374,104.9098,52.3199,171,14,-3.22576851612297,0.0009010000000000407,19.354862103224953,-0.0017699999999999383
c07_t32_0p98_t40_0p96_t48_0p93_t56_0p87,0.98,0.96,0.93,0.87,6480.88,0.947554,106.1049,52.9615,171,14,-4.7310487569678035,0.0010809999999999986,17.49835017005939,-0.0015899999999999803
