tag,t32,t40,t48,t56,qps,recall10
b01_t32_0p99_t40_0p97_t48_0p94_t56_0p88,0.99,0.97,0.94,0.88,6422.61,0.947804
b02_t32_0p99_t40_0p97_t48_0p94_t56_0p89,0.99,0.97,0.94,0.89,6402.05,0.947904
b03_t32_0p99_t40_0p97_t48_0p95_t56_0p89,0.99,0.97,0.95,0.89,6341.15,0.947924
b04_t32_1p00_t40_0p98_t48_0p95_t56_0p90,1.00,0.98,0.95,0.90,6309.15,0.948014
b05_t32_0p98_t40_0p96_t48_0p94_t56_0p88,0.98,0.96,0.94,0.88,6485.08,0.947774
