tag,t32,t40,t48,t56,qps,recall10
g01_t32_0p95_t40_0p92_t48_0p88_t56_0p82,0.95,0.92,0.88,0.82,6793.48,0.946513
g02_t32_0p95_t40_0p91_t48_0p87_t56_0p81,0.95,0.91,0.87,0.81,6849.32,0.946253
g03_t32_0p95_t40_0p90_t48_0p86_t56_0p80,0.95,0.90,0.86,0.80,6849.32,0.946104
g04_t32_0p95_t40_0p89_t48_0p85_t56_0p79,0.95,0.89,0.85,0.79,6939.63,0.945603
g05_t32_0p95_t40_0p88_t48_0p84_t56_0p78,0.95,0.88,0.84,0.78,6939.63,0.945213
g06_t32_0p95_t40_0p92_t48_0p87_t56_0p80,0.95,0.92,0.87,0.80,6854.01,0.946093
g07_t32_0p95_t40_0p91_t48_0p86_t56_0p79,0.95,0.91,0.86,0.79,6821.28,0.945823
