tag,t32,t40,t48,t56,qps,recall10
c01_t32_0p95_t40_0p93_t48_0p89_t56_0p83,0.95,0.93,0.89,0.83,6720.43,0.946783
c02_t32_0p95_t40_0p94_t48_0p90_t56_0p84,0.95,0.94,0.90,0.84,6711.41,0.946954
c03_t32_0p95_t40_0p95_t48_0p91_t56_0p85,0.95,0.95,0.91,0.85,6653.36,0.947133
c04_t32_0p96_t40_0p94_t48_0p90_t56_0p84,0.96,0.94,0.90,0.84,6702.41,0.946954
c05_t32_0p96_t40_0p95_t48_0p91_t56_0p85,0.96,0.95,0.91,0.85,6640.11,0.947133
c06_t32_0p97_t40_0p95_t48_0p92_t56_0p86,0.97,0.95,0.92,0.86,6583.28,0.947374
c07_t32_0p98_t40_0p96_t48_0p93_t56_0p87,0.98,0.96,0.93,0.87,6480.88,0.947554
