tag,t32,t40,t48,t56,qps,recall10,avg_pages,avg_postings,delta_qps_vs_a3_pct,delta_recall_vs_a3,delta_qps_vs_b64_pct,delta_recall_vs_b64
b05_t32_0p98_t40_0p96_t48_0p94_t56_0p88,0.98,0.96,0.94,0.88,6485.08,0.947774,106.8937,53.3479,-4.669308747089405,0.0013009999999999966,17.57449616731813,-0.0013699999999999823
b01_t32_0p99_t40_0p97_t48_0p94_t56_0p88,0.99,0.97,0.94,0.88,6422.61,0.947804,107.6936,53.8287,-5.587617894018871,0.001330999999999971,16.441915108091045,-0.0013400000000000079
b02_t32_0p99_t40_0p97_t48_0p94_t56_0p89,0.99,0.97,0.94,0.89,6402.05,0.947904,107.9346,53.9215,-5.889849942375991,0.00143099999999996,16.069162321510156,-0.0012400000000000189
b03_t32_0p99_t40_0p97_t48_0p95_t56_0p89,0.99,0.97,0.95,0.89,6341.15,0.947924,108.4458,54.1975,-6.785080085612822,0.00145099999999998,14.965045361258356,-0.0012199999999999989
b04_t32_1p00_t40_0p98_t48_0p95_t56_0p90,1.0,0.98,0.95,0.9,6309.15,0.948014,109.7365,54.9454,-7.255480160876834,0.0015410000000000146,14.384885382144114,-0.0011299999999999644
