sample_start_ns,sample_end_ns,device,sectors_read_delta,read_bytes_delta,read_bandwidth_mbs,io_in_progress,avg_queue_depth,weighted_io_ms_delta
29551397452945,29551497820941,nvme0n1p8,149856,76726272,729.035927,234,26.572215,2667
29551497820941,29551598272509,nvme0n1p8,571984,292855808,2780.335520,356,294.848558,29618
29551598272509,29551698660841,nvme0n1p8,568264,290951168,2763.993093,326,296.269491,29742
29551698660841,29551799023465,nvme0n1p8,569224,291442688,2769.371656,287,297.800105,29888
29551799023465,29551899496818,nvme0n1p8,576032,294928384,2799.405182,334,278.909772,28023
29551899496818,29551999860518,nvme0n1p8,565384,289476608,2750.659912,341,293.701807,29477
29551999860518,29552100259529,nvme0n1p8,569552,291610624,2769.963167,225,281.307552,28243
29552100259529,29552200853706,nvme0n1p8,569792,291733504,2765.754026,292,294.987254,29674
29552200853706,29552301361781,nvme0n1p8,568072,290852864,2759.767374,213,281.320680,28275
29552301361781,29552401863390,nvme0n1p8,164720,84336640,800.282586,0,73.680412,7405
29552401863390,29552502408638,nvme0n1p8,0,0,0.000000,0,0.000000,0
29552502408638,29552603015095,nvme0n1p8,0,0,0.000000,0,0.000000,0
29552603015095,29552703643976,nvme0n1p8,0,0,0.000000,0,0.000000,0
29552703643976,29552804131344,nvme0n1p8,0,0,0.000000,0,0.000000,0
29552804131344,29552904689343,nvme0n1p8,0,0,0.000000,0,0.000000,0
