sample_start_ns,sample_end_ns,cpu_idle_percent,cpu_iowait_percent,total_jiffies_delta,idle_jiffies_delta,iowait_jiffies_delta
25081952097145,25082052550016,82.673267,9.900990,202,167,20
25082052550016,25082153329814,87.562189,9.950249,201,176,20
25082153329814,25082254150198,87.500000,9.500000,200,175,19
25082254150198,25082354828857,87.064677,9.452736,201,175,19
25082354828857,25082455429990,80.597015,9.950249,201,162,20
25082455429990,25082556061755,87.000000,9.500000,200,174,19
25082556061755,25082656702233,87.064677,9.950249,201,175,20
25082656702233,25082757411038,88.383838,10.101010,198,175,20
