sample_start_ns,sample_end_ns,device,sectors_read_delta,read_bytes_delta,read_bandwidth_mbs,io_in_progress,avg_queue_depth,weighted_io_ms_delta
25081952097145,25082052550016,nvme1n1p3,0,0,0.000000,0,0.000000,0
25082052550016,25082153329814,nvme1n1p3,0,0,0.000000,0,0.000000,0
25082153329814,25082254150198,nvme1n1p3,0,0,0.000000,0,0.000000,0
25082254150198,25082354828857,nvme1n1p3,0,0,0.000000,0,0.000000,0
25082354828857,25082455429990,nvme1n1p3,0,0,0.000000,0,0.000000,0
25082455429990,25082556061755,nvme1n1p3,0,0,0.000000,0,0.000000,0
25082556061755,25082656702233,nvme1n1p3,0,0,0.000000,0,0.000000,0
25082656702233,25082757411038,nvme1n1p3,0,0,0.000000,0,0.000000,0
