config,mode,qps,recall,test_time_s,disk_reads,disk_merges,disk_sectors,disk_read_ms,disk_total_mb,disk_avg_req_kb,merge_rate_pct,disk_iops,disk_bw_mbs,app_bw_mbs
baseline_st2_nt16_ir64_pl4,baseline,2488.80,0.978319,4.685,637152,70,9841544,127709,4805.441,7.72,0.0110,136012,1025.81,989.55
baseline_st4_nt16_ir64_pl4,baseline,4766.44,0.978319,2.733,637152,70,9841544,147570,4805.441,7.72,0.0110,233106,1758.10,1695.96
baseline_st8_nt16_ir64_pl4,baseline,5875.44,0.978319,2.354,637152,70,9841544,418362,4805.441,7.72,0.0110,270711,2041.72,1969.55
baseline_st16_nt16_ir64_pl4,baseline,5851.38,0.978319,2.395,637152,70,9841544,880905,4805.441,7.72,0.0110,266008,2006.25,1935.33
learned_st2_nt16_ir64_pl4,learned,2577.32,0.97749,4.554,516615,53,8209624,100894,4008.605,7.95,0.0103,113432,880.16,842.86
learned_st4_nt16_ir64_pl4,learned,4921.26,0.97749,2.711,517483,53,8221312,119898,4014.312,7.94,0.0102,190892,1480.82,1418.16
learned_st8_nt16_ir64_pl4,learned,7017.54,0.97749,2.057,518698,54,8238736,263012,4022.820,7.94,0.0104,252133,1955.45,1872.88
learned_st16_nt16_ir64_pl4,learned,7057.16,0.97749,2.066,516438,53,8207704,585842,4007.668,7.95,0.0103,249913,1939.38,1857.19
