st,cache_mode,delta_qps_pct,delta_recall,pages_reduction_pct,postings_reduction_pct,delta_low07,delta_low05
8,cold,0.34323082380229636,7.800000000013352e-05,0.8229304227595574,1.1270755836831305,0.0,0.0
8,hot,-0.2778965427190185,8.000000000008001e-05,0.7071849496791927,1.010537350140098,0.0,0.0
16,cold,-0.030099909780471248,0.00010399999999999299,-0.13802562758054424,0.13134568730524074,0.0,0.0
16,hot,0.8592399488472461,8.000000000008001e-05,0.6226716430714886,0.9282226319506173,0.0,0.0
