budget,safe_rate_train
16,0.299375
24,0.46025
32,0.594375
40,0.713
48,0.820375
56,0.915375
