budget,safe_rate_train
16,0.435125
24,0.598375
32,0.721875
40,0.81625
48,0.88925
56,0.9505
