dataset,policy,pages_saving_pct,recall_delta_vs64,miss_rate_pct,low07,low05,b16_pct,b24_pct,b32_pct,b40_pct,b48_pct,b56_pct,b64_pct
sift1m,A5_sparse,22.954891503134544,-0.006700000000000039,5.8999999999999995,5,0,0.0,0.0,15.05,16.05,27.0,35.6,6.3
sift1m,A5_dense,23.48738101921556,-0.00660000000000005,5.800000000000001,5,0,0.8,5.15,9.1,16.05,27.0,34.7,7.2
sift1m,A6_multiclass,63.663970194197056,-0.06414999999999993,41.65,56,1,66.9,13.0,7.35,4.5,3.9,2.6,1.75
sift1m,A6_regression,54.470445130613044,-0.03715000000000013,28.65,24,0,21.3,31.05,27.95,15.15,4.4,0.15,0.0
sift1m,A7_oracle_posting,53.97708423711946,0.0,0.0,2,0,44.05,16.55,12.45,9.35,6.95,6.45,4.2
sift1m,A7_oracle_page,53.97708423711946,0.0,0.0,2,0,44.05,16.55,12.45,9.35,6.95,6.45,4.2
