dataset,policy,queries,pages_saving_pct,recall10_delta_vs_b64,miss_rate_pct,low_recall_lt_0_7,low_recall_lt_0_5,hard_oracle64_underbudget,oracle_util_pct,b16_pct,b24_pct,b32_pct,b40_pct,b48_pct,b56_pct,b64_pct
sift1m,A0_current,2000,17.972797101079443,-0.0033999999999999586,3.0,2,0,14,34.67835249513775,0.0,0.0,22.3,12.8,15.65,0.0,49.25
sift1m,A1_add56_globalT,2000,21.500752800673705,-0.005350000000000077,4.75,4,0,14,41.48551170634435,0.0,0.0,22.3,12.8,15.65,28.55,20.7
sift1m,A2_perT,2000,18.49592977262869,-0.00385000000000002,3.3,2,0,21,35.68773234200746,0.0,0.0,15.05,16.05,27.0,0.0,41.9
sift1m,A3_add56_perT,2000,22.954891503134544,-0.006700000000000039,5.9,5,0,21,44.29125942703333,0.0,0.0,15.05,16.05,27.0,35.6,6.3
sift10m,A0_current,2000,18.060451600609756,-0.00759999999999994,6.75,38,1,38,41.614071675539215,0.0,0.0,21.75,11.65,19.9,0.0,46.7
sift10m,A1_add56_globalT,2000,22.557005843495936,-0.01175000000000015,10.7,44,1,38,51.974827579898665,0.0,0.0,21.75,11.65,19.9,33.8,12.9
sift10m,A2_perT,2000,13.817565421747963,-0.004650000000000154,4.3,38,1,27,31.837806194317903,0.0,0.0,10.6,11.35,24.8,0.0,53.25
sift10m,A3_add56_perT,2000,19.62056974085365,-0.010250000000000092,9.6,45,2,27,45.20882498216343,0.0,0.0,10.6,11.35,24.8,43.65,9.6
