dataset,delta_recall10,delta_low07,delta_low05,pages_reduction_vs_A0_pct,postings_reduction_vs_A0_pct,p99_latency_delta_pct,avg_latency_delta_pct,qps_span_delta_pct
sift1m,-0.0011899999999999133,4,0,5.934022059190495,5.621722504932613,-7.642296808396327,-5.5963703419576865,5.9246768733072
sift10m,-0.0007299999999997864,8,1,1.64480775617458,1.0573976639162586,-5.2884117316699415,-1.753348725804423,1.7903557162617922
