dataset,policy,qps_span,avg_latency_ms,p99_latency_ms,recall10,low_recall_lt_0_7,low_recall_lt_0_5,avg_pages,avg_postings,avg_req_kb,b32_pct,b40_pct,b48_pct,b56_pct,b64_pct
sift1m,A0,7060.7265646783835,1.1325144,1.6750200000000004,0.977,20,2,98.1813,51.5447,392.7252,21.27,12.540000000000001,15.06,0.0,33.48
sift1m,A3,7479.051798543342,1.0691347,1.5470100000000002,0.9758100000000001,24,2,92.3552,48.647,369.4208,15.07,15.4,24.68,35.53,6.04
sift10m,A0,6637.218522780424,1.2046149000000002,1.8340100000000004,0.9472099999999999,165,14,102.9786,50.9742,411.9144,21.82,11.18,21.0,0.0,45.98
sift10m,A3,6756.04834400381,1.1834938,1.7370200000000005,0.9464800000000001,173,15,101.2848,50.4352,405.1392,11.27,11.21,23.93,42.99,10.6
