run,QPS,Recall@10,total_ms,head_ms,head_pct,ex_ms,batch_ms,pages,readKB,readMBs,queueDepth,cpuIdle,cpuIowait
baseline_st4_nt16_ir32_pl15_mc2048,84.05,0.889739,47.550,33.646,70.8,13.904,5.792,208.1,832.3,60.904,8.084,71.589,0.067
lowlat_st2_nt16_ir32_pl15_mc2048,79.26,0.889739,25.221,15.979,63.4,9.243,5.395,208.1,832.3,57.836,7.012,82.415,0.065
highthr_st8_nt16_ir32_pl15_mc2048,85.25,0.889739,93.670,70.082,74.8,23.588,6.596,208.1,832.3,61.760,9.531,44.590,0.084
lowir_st4_nt16_ir24_pl15_mc2048,87.23,0.856146,45.820,33.582,73.3,12.238,4.278,156.5,626.0,47.375,4.633,73.675,0.082
lowpl_st4_nt16_ir32_pl8_mc2048,86.96,0.889739,45.957,32.506,70.7,13.451,5.539,208.1,832.3,63.048,7.859,74.188,0.073
joint_st4_nt16_ir24_pl8_mc1536,94.17,0.854156,42.437,33.984,80.1,8.453,4.321,156.7,626.8,50.816,5.043,72.271,0.047
