mode,rep,qps,recall10
A3_ref,1,7434.94,0.976320
A4_cons_v3,1,7490.64,0.976380
A3_ref,2,7429.42,0.976320
A4_cons_v3,2,7412.90,0.976420
A3_ref,3,7407.41,0.976320
A4_cons_v3,3,7451.56,0.976400
A3_ref,4,7451.56,0.976300
A4_cons_v3,4,7434.94,0.976400
A3_ref,5,7479.43,0.976300
A4_cons_v3,5,7457.12,0.976400
