mode,qps_mean,qps_std,recall_mean,recall_std,avg_pages_mean,avg_postings_mean,low07_mean,low05_mean
A3_ref,7440.552000000001,26.86300001861295,0.9763119999999998,1.0954451150104143e-05,92.85376,48.91678,24.0,2.0
A4_cons_v3,7449.432000000001,28.750382953971727,0.9763999999999999,1.4142135623725467e-05,92.39688,48.5362,24.0,2.0
