delta_qps_pct,delta_recall,pages_reduction_pct,postings_reduction_pct,delta_low07,delta_low05
0.1193459840076396,8.800000000008801e-05,0.4920425408728717,0.7780152332185436,0.0,0.0
