sample_start_ns,sample_end_ns,device,sectors_read_delta,read_bytes_delta,read_bandwidth_mbs,io_in_progress,avg_queue_depth,weighted_io_ms_delta
30991338359175,30991438809462,nvme0n1p8,95632,48963584,464.859921,44,1.692379,170
30991438809462,30991539367308,nvme0n1p8,555160,284241920,2695.704309,659,658.834717,66251
30991539367308,30991639840658,nvme0n1p8,570136,291909632,2770.751834,640,686.888613,69014
30991639840658,30991740317950,nvme0n1p8,564560,289054720,2743.545900,658,691.798103,69510
30991740317950,30991840771174,nvme0n1p8,564704,289128448,2744.903190,643,687.056097,69017
30991840771174,30991941221077,nvme0n1p8,570584,292139008,2773.576285,792,682.021565,68509
30991941221077,30992041690509,nvme0n1p8,569584,291627008,2768.177166,723,685.392548,68861
30992041690509,30992142132535,nvme0n1p8,571672,292696064,2779.082918,768,688.984509,69203
30992142132535,30992242587785,nvme0n1p8,566272,289931264,2752.469383,494,686.972557,69010
30992242587785,30992343077089,nvme0n1p8,570408,292048896,2771.633598,714,665.712641,66897
30992343077089,30992443546458,nvme0n1p8,567568,290594816,2758.381139,734,688.309290,69154
30992443546458,30992543994268,nvme0n1p8,572472,293105664,2782.811728,651,693.195800,69630
30992543994268,30992644449778,nvme0n1p8,569832,291753984,2769.766250,303,662.492281,66551
30992644449778,30992745128976,nvme0n1p8,571656,292687872,2772.458579,822,679.206841,68382
30992745128976,30992845592866,nvme0n1p8,566304,289947648,2752.388196,487,597.508219,60028
30992845592866,30992946119816,nvme0n1p8,568792,291221504,2762.746395,740,667.074849,67059
30992946119816,30993046625661,nvme0n1p8,576000,294912000,2798.344713,666,689.014654,69250
30993046625661,30993147102842,nvme0n1p8,391888,200646656,1904.428056,0,467.947046,47018
30993147102842,30993247497537,nvme0n1p8,8192,4194304,39.842743,0,0.029882,3
30993247497537,30993347992644,nvme0n1p8,0,0,0.000000,0,0.000000,0
30993347992644,30993448536554,nvme0n1p8,0,0,0.000000,0,0.000000,0
30993448536554,30993549287408,nvme0n1p8,0,0,0.000000,0,0.000000,0
30993549287408,30993650020764,nvme0n1p8,0,0,0.000000,0,0.000000,0
30993650020764,30993750543831,nvme0n1p8,0,0,0.000000,0,0.000000,0
